route,current_title,cluster,intent_type,primary_search_intent,intended_reader,overlap_guard,commercial_destination,batch,status
"/articles/automate-supplier-price-lists/","Supplier Price List Automation for Ecommerce | Olivers Consulting","Supplier product and inventory operations","informational","How to automate supplier price-list updates safely across ecommerce and wholesale channels","Ecommerce or wholesale operations leaders handling recurring supplier files","Own the supplier-file mapping validation and controlled-publishing workflow; product-data quality and stock availability remain separate intents","/services/","8.1","DONE_VERIFIED"
"/articles/product-data-errors-before-listings-go-live/","Ecommerce Product Data Quality Checks | Olivers Consulting","Supplier product and inventory operations","informational","How to catch product-data errors before ecommerce listings are published","Catalogue product-data and ecommerce operations managers","Own pre-publication quality gates for identifiers prices variants and required fields; do not broaden into supplier-file ingestion or channel stock sync","/services/","8.1","DONE_VERIFIED"
"/articles/why-stock-sync-fails-shopify-amazon-ebay/","Why Multichannel Stock Sync Fails | Olivers Consulting","Supplier product and inventory operations","informational","Why multichannel stock sync fails and how to fix its operating rules","Ecommerce operators selling through Shopify Amazon and eBay","Own channel availability source-of-truth buffers bundles timing and exceptions; purchasing and product-data validation remain separate","/services/","8.1","DONE_VERIFIED"
"/articles/automate-purchase-orders-reorder-rules/","Purchase Order Automation and Reorder Rules | Olivers Consulting","Supplier product and inventory operations","commercial","When and how to automate purchase-order preparation using reorder rules","Buyers stock controllers and SME operations leaders","Own upstream replenishment and approval decisions; do not target downstream channel stock synchronisation","/services/","8.1","DONE_VERIFIED"
"/articles/stop-rekeying-wholesale-orders-sage-xero/","Wholesale Order Entry Automation for Sage and Xero | Olivers Consulting","Orders finance and reconciliation","informational","How to stop manually re-keying wholesale sales orders into Sage or Xero","Wholesale operations and finance teams receiving email PDF or spreadsheet orders","Own sales-order capture and accounting entry; supplier invoice processing remains accounts payable","/services/","8.2","DONE_VERIFIED"
"/articles/automate-invoice-processing-approval-control/","Supplier Invoice Processing Automation | Olivers Consulting","Orders finance and reconciliation","informational","How to automate supplier invoice processing while preserving approval control","SME finance and accounts-payable leaders","Own supplier invoice capture validation and approval routing; statement matching and sales-order entry remain separate","/services/","8.2","DONE_VERIFIED"
"/articles/automate-supplier-statement-reconciliation/","Supplier Statement Reconciliation Automation | Olivers Consulting","Orders finance and reconciliation","informational","How to automate supplier statement reconciliation while keeping exceptions visible","Accounts-payable and finance teams matching supplier statements","Own statement-to-ledger document matching; invoice capture and ecommerce payout settlement remain separate","/services/","8.2","DONE_VERIFIED"
"/articles/reconcile-shopify-payouts-orders-fees/","Shopify Payout Reconciliation Guide | Olivers Consulting","Orders finance and reconciliation","informational","How to reconcile Shopify orders refunds fees payouts and bank deposits","Shopify finance operators and bookkeepers using accounting software such as Xero","Own ecommerce payment-settlement reconciliation; do not target supplier statement matching or general order entry","/services/","8.2","DONE_VERIFIED"
"/articles/monday-report-automation/","Ecommerce Monday Report Automation | Olivers Consulting","Reporting investment and resilience","informational","How to automate a weekly ecommerce sales stock margin and exception report","Ecommerce and wholesale owners and operations leaders building recurring reports","Own recurring management-report preparation and exception presentation; ROI selection remains a separate decision framework","/services/","8.3","DONE_VERIFIED"
"/articles/ecommerce-ai-automation-roi/","Ecommerce AI Automation ROI Guide | Olivers Consulting","Reporting investment and resilience","commercial","How to calculate and test the ROI of an ecommerce AI automation","Ecommerce owners evaluating automation investment","Own the investment case payback controls and pilot decision; manual-admin cost is only one input and hiring is a separate choice","/services/","8.3","DONE_VERIFIED"
"/articles/ecommerce-key-person-dependency/","Reduce Ecommerce Key-Person Dependency | Olivers Consulting","Reporting investment and resilience","informational","How to identify and reduce key-person dependency in ecommerce operations","Owners and operations leaders whose processes depend on one expert","Own operational resilience documentation and backup ownership; do not broaden into general hiring or generic automation ROI","/services/","8.3","DONE_VERIFIED"
"/articles/before-hiring-ecommerce-admin/","Hire or Automate Ecommerce Admin Work? | Olivers Consulting","Reporting investment and resilience","commercial","How to decide whether ecommerce admin pressure needs a hire process change or automation","Ecommerce owners considering additional operations headcount","Own the hire-versus-process-versus-automation decision; ROI maths and interruption measurement support but do not replace this intent","/services/","8.3","DONE_VERIFIED"
"/articles/integrate-systems-or-automate-hand-off/","Full Integration or Automated Hand-off? | Olivers Consulting","Process design and controlled hand-offs","commercial","When to use a full system integration controlled hand-off or improved manual process","SME owners and operations leaders choosing an automation architecture","Own the architecture choice between integration hand-off and manual control; intake channel and spreadsheet governance remain separate","/services/","8.4","DONE_VERIFIED"
"/articles/email-attachments-shared-folders-or-forms/","Email, Shared Folder or Form for Data Intake? | Olivers Consulting","Process design and controlled hand-offs","commercial","Whether a business process should collect data through email shared folders or forms","Operations leaders designing a repeatable intake process","Own the intake-channel decision and data completeness trade-offs; do not target broader system architecture","/services/","8.4","DONE_VERIFIED"
"/articles/spreadsheet-not-the-problem-operating-rules/","Spreadsheet Operating Rules for Reliable Processes | Olivers Consulting","Process design and controlled hand-offs","informational","Why business spreadsheets fail when operating rules and ownership are unclear","SME leaders deciding whether to replace a spreadsheet-based process","Own spreadsheet governance purpose ownership definitions and change rights; integration tooling and intake channels remain separate","/services/","8.4","DONE_VERIFIED"
"/articles/manual-admin-interruption-cost/","Measure the True Cost of Manual Admin | Olivers Consulting","Process design and controlled hand-offs","informational","How to measure the hidden interruption cost of recurring manual admin","SME owners and operations leaders prioritising process improvement","Own interruption setup restart and delay measurement; do not become another broad automation ROI or hiring page","/services/","8.4","DONE_VERIFIED"
"/articles/automate-cis-subcontractor-onboarding/","CIS Subcontractor Onboarding Automation | Olivers Consulting","Onboarding CRM and returns","informational","How to automate CIS subcontractor onboarding while retaining HMRC verification and record controls","UK construction contractors responsible for CIS onboarding and payment controls","Own construction-specific CIS verification records and payment gates; general client onboarding must not target CIS compliance","/contact/","8.5","DONE_VERIFIED"
"/articles/automate-client-onboarding-no-duplicate-data/","Client Onboarding Without Duplicate Data | Olivers Consulting","Onboarding CRM and returns","informational","How to automate client onboarding around one trusted record without duplicate data entry","Professional-service and operational SME teams onboarding new clients","Own general client master-data capture and cross-system routing; exclude CIS-specific compliance and post-call CRM updates","/services/","8.5","DONE_VERIFIED"
"/articles/automate-crm-updates-after-sales-calls/","CRM Updates After Sales Calls: Automation Guide | Olivers Consulting","Onboarding CRM and returns","informational","How to automate CRM updates after sales calls without creating unreliable data","Sales operations leaders and SME teams using a CRM","Own post-call notes field updates next actions and review controls; client onboarding remains pre-delivery master-data creation","/services/","8.5","DONE_VERIFIED"
"/articles/shopify-returns-automation-review-rules/","Shopify Returns Automation and Review Rules | Olivers Consulting","Onboarding CRM and returns","commercial","Which Shopify return steps to automate and which decisions to keep in human review","Shopify operations and customer-service leaders evaluating returns automation","Own returns eligibility inspection refund and exception controls; do not broaden into general Shopify operations","/services/","8.5","DONE_VERIFIED"
